,concept_1,concept_2,concept_3,concept_4,concept_5,concept_6,concept_7,concept_8,concept_9,concept_10,concept_11,concept_12,concept_13,concept_14,concept_15,concept_16,concept_17,concept_18,concept_19,concept_20,concept_21,concept_22,concept_23,concept_24,concept_25,concept_26,concept_27,concept_28,concept_29,concept_30
101391.json,0.030400252802481063,-0.06912439005333972,-0.03590892568764903,0.012757278160516765,-0.0012491008326540969,0.00967264708995017,-0.033686253670304006,0.01118033905534391,0.01209365217846885,0.006012093733320141,-0.029342047370711655,0.024540008417017048,0.0059638341050784315,0.00897791417814727,-0.02517316392289022,-0.0425181749294024,-0.047486858284302484,0.03403942167849009,0.0296571942196804,-0.010627451790523178,0.04734012667167123,0.048404634804835596,-0.003594771619547962,-0.00978452071509642,-0.019374274425030882,-0.0129308664861256,-0.00704797396435698,-0.007763311469051443,-0.016258871753483763,-0.02293920479983786
102667.json,0.08838765390263043,-0.16563875717328772,-0.08961286244050075,0.026105343924221945,-0.002573853704057612,0.03802185194066521,-0.008758948631846135,-0.009039522639134344,0.02985085617982868,-0.037917522026195194,0.0312280192173934,-0.007707896363263439,-0.05363807816512835,0.03522485269843222,-0.05977339363719739,0.6544632637900297,-0.17172127460058148,0.08520668456101868,-0.2602160463870662,0.04235335494965233,0.14276359478571435,-0.0527967695247736,0.26308429087174595,0.2827114661990259,0.17329512418925838,-0.1440402206266574,0.33780623212431665,0.04241190237310293,0.04252505149641145,0.01347119502833134
103942.json,0.02923667319993765,-0.06900960550326504,-0.04007808955898337,0.01414325441934695,0.007307470499192671,0.00883505020843526,-0.026790523906656205,0.006684222985142932,0.013480667794598908,0.00813560121063653,-0.05008394857356507,0.0362767991061954,-0.0020193241520890235,-0.012428347540755455,-0.0023353863476505764,-0.04885894970053492,-0.007968883714223766,0.0009821584537733435,0.01086280235463764,0.0022543140446588204,-0.016530569912337353,0.02487434963028325,-0.02594237748498827,0.0023484471401567023,0.0057631169329837315,-0.010535886509048263,0.013003419061515796,0.008761272505349471,0.005248667057652946,-0.039868852475092774
104788.json,0.03568258597703348,-0.07682663936228816,-0.04830016660541339,0.008021749695953428,0.00892854869094749,0.014094173770910863,-0.014052967094792649,0.005762889752673044,0.009619767390992694,-0.012660361863056531,-0.006507262978719409,-0.0026300753700081517,0.005498179638752464,0.006522096339579172,0.004246069881495471,0.06703436987594967,0.07348159586579317,-0.035499585717287355,-0.05150604743668895,0.037006018240899115,0.010523022796575198,-0.02917381058697,-0.07716769805534891,-0.02159151273809572,-0.01655241999747053,0.00025908377296944633,-0.016320405070567322,-0.016612365668872617,-0.036343704655398164,0.01609084845625047
107333.json,0.03514852342858815,-0.08285794835395194,-0.050526784511095754,0.012239139769909946,0.013641890486941559,0.012536792363697605,-0.027716614842569504,-0.0001444268597818022,0.01386093470070037,0.023063079758769454,-0.061743424903517335,0.052274981228903325,-0.014929538081656259,-0.012373808492066127,-0.022231750280331072,-0.07596833008965814,-0.047957503443167855,-0.02017015647093313,0.05459843199920208,-0.11877014007193004,0.03220768773424305,0.007450581720476889,0.07018588177062145,0.0016667198573833285,0.03677803205467395,-0.04158868879513545,-0.08634420939725337,-0.0467433101780423,-0.12947331647834193,-0.04111115442721656
109482.json,0.060261976202692406,-0.11086024988404097,-0.058759703051681766,0.006241365209269974,-0.01854299097944376,-0.02879650842434658,0.013025951774187024,0.06420990574157846,-0.019598417292278094,-0.013974482874629305,-0.013727739180535827,0.023169651637766603,-0.03280221911599509,-0.030974860575905407,-0.05242604579082884,-0.04386674371923218,-0.03831612197447163,0.12443471986697316,-0.12334804314520582,0.14742479182204096,0.03677334815146123,0.03142037736791589,-0.08620024455690041,0.09373982878149813,0.0899138483286375,0.16472779010373165,-0.1260766908974873,0.41474272207961277,-0.29901775156208055,0.030426648185415798
110975.json,0.05882731135082402,-0.10550189512598938,-0.04723346481470838,-0.014719452327802229,-0.0016152270452075034,0.027166731448159415,-0.03005551482371934,-0.02532875950907976,0.0336836595713127,-0.03635915237321302,-0.001653589622171609,-0.04421242446104414,0.017398308531782803,0.006161230332907725,-0.04480576914488246,0.1125197986532511,0.0033729166130277034,0.03132272929363871,-0.006838592426853433,-0.05340725877548213,-0.0028732317719396398,0.13488639011780218,-0.019252897880360848,-0.073489321472638,-0.11258128568366016,-0.1263125142436733,-0.3201672556351605,0.12766359620368026,0.6432174162345735,0.10731021504218635
117959.json,0.03320760654835304,-0.0773844166792034,-0.03944738235874995,0.0097226974630603,0.002124467900796834,0.00661240187602988,-0.03019909247913035,0.017156509729395097,0.0019281847757540787,0.011232088703178815,-0.0381047029438565,0.011327862748258158,-0.004304633090808608,0.013598156574327632,-0.008694571105451871,-0.03361159494094579,0.006235865950574446,0.04288798236237389,0.001969530831294445,0.07571343215740937,-0.03473638585350521,0.006771553165853572,0.0010646041745479974,-0.006226494786838369,0.00546278565693507,0.033207134507170305,-0.008756531709904525,0.11976150192040178,0.012589078405150118,-0.0861492551186225
122295.json,0.030802238849391032,-0.07595879505597798,-0.03872499143740841,0.01013323999170283,0.002168640886410745,0.018537030122797733,-0.007035279187841761,0.012011325705133528,-0.02891167157576684,0.05545503143549326,-0.01005685650636143,0.0057062310032113305,-0.009226522507539331,-0.0002770274170331536,-0.011842466510905852,-0.05589443205490476,0.013064399772653543,0.0055260323552234055,-0.03739301996628466,0.007886630134101751,0.004686560094793212,-0.004343783031385262,0.020696770648784186,0.005519146437129886,-0.0036583953366290524,0.09791867130927086,-0.024464940088510606,-0.017435227504450944,0.05146795785911925,0.05763778220717088
123023.json,0.038662826622065286,-0.09562703558221775,-0.049389913682694166,0.012440200342450173,0.011676165859845265,0.020921435284093848,-0.030227411902416963,0.011074113645346988,0.008103206219361336,0.014007409029063207,-0.05851474886029208,0.048730639239570335,-0.010222559291212175,0.001386818032307452,0.012263605536172742,-0.058040633905900085,0.01872903625500015,-0.0035735868105858043,0.008333861778299102,-0.032044800998669784,-0.031058681188562857,-0.008380760782944153,-0.017236960557513652,0.002514463550097696,-0.009003124018692615,0.011181025915250766,0.026098750518162406,-0.010479245139391547,-0.015304388499246618,-0.08296993144817554
123309.json,0.06860147081878092,-0.11906553803635495,-0.06361807706566525,-0.01016327665910661,0.033395546530099726,0.02039164627314423,-0.005086418226676873,-0.023296727616748263,0.030198236914660823,-0.04737485973699969,-0.008732414259694319,-0.02037962282667443,0.008026108289858346,-0.012141893904481121,-0.006468219988579327,0.11584253796982712,0.10601804917820493,-0.06929574745480109,-0.0060185676595894,0.00030731428238090874,-0.015465007196753332,0.0033465109125026143,-0.003949855826626442,-0.05691551565970904,-0.0403807285275942,-0.1118552336512121,-0.20174169185891278,-0.08849936958003737,0.08053545049142616,0.03851389735071305
125085.json,0.047371752504316876,-0.10413180274787978,-0.041875442232157015,0.02037693272586205,-0.0014028823393825941,0.02974181991864852,0.009113344267971987,0.02654377258910952,-0.042943278954948795,0.07100694331131985,-0.021173016265023697,0.0024645583441141997,0.0005508381448734753,0.04393745923386424,-0.03859187709208778,-0.11743471454264308,-0.008387516057892822,0.11908437466898582,-0.10358027541457143,0.12047415024421784,0.18495939733696493,-0.016159797842650026,0.2151211362208685,0.15798429243832315,-0.009101874732892475,0.4617472946292246,-0.22868125371977974,-0.24660273634488902,0.19098256514994902,0.40640737102972235
127170.json,0.05084385472587143,-0.11958508318842924,-0.0680530831991257,0.020613439315869352,-0.0093454432714767,0.001937604555545507,-0.039930131654050564,0.04400343781277598,-0.027070116652195088,0.04484482651198966,-0.026440673838697238,0.04834849879666343,-0.007301611993729618,0.020073159142571628,-0.013706232616687363,-0.20312465034465363,-0.05128939642990632,0.27982315437840655,0.15594443359198973,0.639138714554516,-0.29038987792651627,0.19224837603666284,0.17553029540073256,0.06903027536854987,0.007274289209816135,-0.3223942560263095,0.11530628318336195,-0.30404561492875964,0.02084783582430435,-0.0022806493118780547
131870.json,0.06247797082611928,-0.11172939523342691,-0.04418463353695602,0.03543539791125172,-0.008866960150750782,-0.017567329197153328,-0.03773353853796112,0.03125801668829253,0.02393196431043766,-0.052746789710720964,-0.008327742609130316,0.009288064253077637,0.032968021643960795,0.009301364844635026,-0.060415300278524715,0.022643165810035094,-0.27129835518573964,0.16128581779506884,0.08923607652466946,-0.14509591687079348,0.2490719681263667,0.5957607284753426,-0.2517245693541046,-0.27931394730583914,-0.22907330463490475,0.020334844701965685,0.25429484639487926,-0.015475926780480797,-0.03867613345532873,0.08348646586245684
145097.json,0.05137448082981249,-0.09197282170745365,-0.055043769478087194,0.005278138988213324,0.0032222039140408377,0.007816396765147674,-0.024615353221723445,-0.005261228433477714,0.026302013034930436,-0.03169754345002678,-0.0016433645046175286,0.019748544729103576,0.012008314285353155,-0.011768584472084228,-0.016720959607278072,0.09769612060356665,0.0960410512194739,-0.058813815239632104,-0.08620499212554042,0.051899551169632886,-0.03177335571836734,-0.039913108230154926,-0.13108553532315378,-0.025852870212189072,-0.0031693904425163354,-0.047717433088359226,-0.06364215092862852,-0.019789173410050844,-0.024198702417762834,-0.005011401920187749
153102.json,0.039705204906007055,-0.06087411534809873,-0.03147339693681448,-0.0015255228359362558,-0.0010816424258559387,0.006227481190083627,-0.01643506838170333,-0.011544903883880226,-0.0017597086613349387,-0.0012438725422728818,-0.014190184935602264,0.02340253359875041,0.012116842120493364,0.002637055794752247,-0.0036239844400397653,0.033103122307357576,0.03829009739865687,-0.02812432136899908,-0.010911661483451511,0.0020228620085028276,0.007829114788425302,-0.020409617943225274,0.02233044261569495,0.007425332916851239,0.023853954631307104,-0.017524406163725893,-0.02805445087368844,-0.03530690819321993,-0.030686632200278098,-0.013371825753216902
157344.json,0.029046909010880403,-0.061784596161669196,-0.036432781997571106,0.012345906483482057,0.004648290696057397,0.007112653296821999,-0.03116957534662885,0.012230324776430823,0.017391500628808298,0.004447109345350244,-0.04636131548984429,0.036703745116665305,0.001610070209533579,0.0016032796425572433,-0.004779086937962423,-0.049731534092492105,-0.007186870376896254,0.012739636714115814,0.00247168923610782,-0.0042399669697223905,0.0016551992418297808,0.02310208894518101,-0.014379385669821025,0.013509416990892913,0.023165307434697746,-0.0014108861214658407,-0.028190828845772654,0.0846046051062123,-0.004913074811477796,-0.03520578733438302
158382.json,0.049119025709613205,-0.08061454857817854,-0.03523659376295973,0.009867513933897709,0.01267069868524005,0.01857887742126257,-0.011003940750002503,-0.028057155427991285,0.013343373776232475,-0.048985647416451165,0.0109352487803455,-0.010296720807055524,0.012809315601427087,0.020690572328290288,0.008710314661300664,0.07477515371185323,0.16901300437161917,-0.050078044073755025,-0.07100287925831743,0.04398883932538256,-0.08685384693183067,-0.10325543877985398,-0.25361698553254,-0.1656127220520519,-0.07331299314342762,-0.0906860740031498,-0.15070371475079847,-0.1503959670863341,-0.18674654441260755,-0.012304371606935753
161063.json,0.025905942192441894,-0.05873180158547061,-0.03171700544182176,0.013273121493259772,0.013285133410382352,0.010640431906342387,-0.019510752310917492,0.006610404670725523,0.017037423349524423,0.009751302749917775,-0.0371276822860663,0.021754382299512535,0.0011484645204900162,-0.008476308863150877,-0.00548647288394899,-0.026686113536145147,0.0024069625640554195,-0.05592013453742282,0.015339176491525755,-0.0927416095135867,-0.007047064712366575,0.009825685433059339,0.03213759489727704,-0.008304768801376674,0.008150651805796029,-0.040263458699017214,-0.020250303034193444,-0.02796085326977308,-0.06452937101705661,0.034017363368025764
161695.json,0.04755761790425855,-0.08765697247009477,-0.04737661189645165,0.00954668494489851,0.0060851892362900175,0.009948125415587879,-0.04097022897342757,0.0014154369822315385,0.018160871828306755,-0.011507087675621306,-0.04236419106190742,0.032142352228844234,-0.004620139554518417,-0.019416035762576528,-0.008163726385945974,0.012056298549746793,0.07321048507506756,-0.06162523975720453,0.0051847889093603935,-0.05082566058011893,-0.02104747921283863,-0.03023570964707414,-0.0025944113231300848,-0.029743509852517426,-0.03760623307821477,-0.021675351840813026,-0.0360632884779575,-0.09839679889387717,0.012209165753467663,-0.07400806411912345
161718.json,0.05072470346972804,-0.09308667573149997,-0.05412846908867463,0.01260632640005967,-0.0013242230402253662,-0.0062968005224097266,-0.039409644981508715,-0.007281469766632258,0.020467087873458148,-0.008088547399677978,-0.04913542190484402,0.019426674503229924,-0.0029565525046463545,-0.0018629008037921936,-0.013809071146755076,0.04350225245439019,0.05053476869024571,-0.053566472281599616,-0.0037625225471656937,-0.08641380302375753,0.009132326411491141,0.0061817246839655435,0.0018881982813667858,-0.027850617469328775,-0.013919097117949846,-0.07918243635806481,-0.05971494088220588,-0.034098766217824886,0.04210821501538856,-0.00557558137734575
164710.json,0.03438206480250835,-0.06625028407745616,-0.03664713876254832,0.006883160220894625,0.01269595260750797,0.005107786976726304,-0.023051585532059236,0.006830707576224499,0.00962823155770996,0.004193024532225362,-0.03975788072447361,0.025754330221669595,-0.009986986310247824,-0.014451967158944977,-0.010365980036043953,-0.04226033885565316,-0.02471822175112298,-0.008411848592411996,0.01609511385223419,-0.07659382270906798,0.03170326007949086,0.004588945139218094,0.041802364951763704,0.020099586651263067,0.016137500943795565,-0.0025953374325904327,-0.04802009978059927,0.002282382910547965,-0.0746510073669252,-0.04067931673014295
165723.json,0.04543790085768076,-0.09961407552969485,-0.057447367985364615,0.01642916856260105,0.008803409481380028,0.017599579854614186,-0.04022189767165024,0.025961425304344705,0.01812605723846765,0.021320052207116462,-0.040454228185074374,0.04930561470250411,-0.005706541137640079,0.0016750923277635704,-0.006664900110752824,-0.0765215747584847,-0.018781056195632986,0.026469934321041232,0.0034267113680838245,-0.03497334294767893,0.012122562614552497,0.0628176606145015,-0.008723482739129176,0.010407043897541267,0.005389870076892883,-0.010740972572486974,-0.01937099781679842,0.0885638907760582,-0.031340621093686405,-0.04386842556734739
168420.json,0.03676905547946929,-0.07258365713659498,-0.034513839138581554,3.480575924211524e-05,0.009946862195212567,0.023806839620444345,-0.027439400499910935,-0.0069421352367435105,0.009325418169598608,-0.022464026026961285,-0.001659048859757241,-0.020837878588667407,0.011630550032832618,0.004060862414345993,-0.0022338153114779013,0.06827377332315517,0.1024575306581662,-0.032589462325050216,-0.03520841285123884,0.04950577148179855,-0.03636328870674622,-0.024986071970191166,-0.11415919404383783,-0.04850811170436326,-0.02836364019275035,-0.04685031659653209,-0.029316150359170342,-0.06700894533423774,-0.03320947802849292,0.009725182057043617
186006.json,0.03155766798257977,-0.07113895229636479,-0.03987679618654108,0.015228748938004745,0.009405674232101955,0.005222226318668591,-0.027747996400650007,0.01754802916157942,0.014654755109772674,0.003728392782473742,-0.0446762184985307,0.028373993745903426,-0.0013835712423630046,0.002685744046027933,-0.0011644939153264507,-0.04162614117757387,-0.009918630000518966,0.01537835737366829,0.004504587963914261,-0.007869024356603624,-0.0188429012667379,0.024450043427658295,-0.015915429515473017,0.013204476649511921,0.0221286049779084,-0.020119357316284534,-0.012925356476679998,0.05703319086159508,0.0016702750766141453,-0.06452783999873256
194712.json,0.03162097241704536,-0.046375021040700626,-0.02616384880028678,-0.005057303668391762,0.0007263248963200002,0.004892287321996132,-0.019033660144343604,-0.0011697998738378003,0.010602715362090755,-0.0015637687603466172,-0.023948713409202377,-0.00032830753789669454,0.0030593858590899177,-0.0007821166608128301,-0.00796570449475642,0.02112138169800822,0.027791065481498116,-0.01882107191490713,0.010014801950758486,-0.011101207272785523,-0.0034499667439468716,0.008711373345316806,0.015047617656636777,-0.020270894122161605,-0.0004749181150305719,-0.016235537455392798,-0.038359843422963065,-0.026411287757790773,-0.012296662797022863,-0.029974735849959827
194717.json,0.026017291014764205,-0.05979301422549317,-0.024145880326021187,0.009901450721224116,0.0011348100590413556,0.009429852786068109,-0.02057810581529724,0.0074538730678127205,0.015272229666307986,-0.0055109049968432595,-0.008399059057560339,0.010588347517547456,-3.947487754882161e-06,-0.0010812656826642037,-0.010056773356855881,0.0012051933450942154,-0.019132327260295602,0.0064661264678245916,0.020344294111332182,-0.008919664863244133,0.007670607412138991,0.031130754287169632,0.018026091488127702,-0.00020859826063806235,-0.009859491278718512,-0.00298056848450413,-0.026082743959205516,0.006788742299393884,-0.00435042686342257,-0.026092891770209597
200080.json,0.03963799271470819,-0.07274728589669424,-0.045349255420103735,0.00426632637624048,0.0015121626510578487,0.009770232135765352,-0.0375107184242822,0.01957005199495922,0.01753372154552137,0.003153734521474942,-0.03877017404788481,0.04211453883098048,-0.004600803444826263,-0.012861394672447799,0.004435488026704311,-0.04632975178778307,-0.005031415481249807,0.016403813581185228,0.042079904439859435,-0.014133250656041407,-0.05362432281423787,0.03271607296780518,-0.01838173252502298,0.020208631983127737,0.0439326014182254,-0.04681655380572814,-0.03404987748288513,0.10733898856226867,0.008175889225826275,-0.0324416725528623
204029.json,0.02908947496041924,-0.06027528287459623,-0.02713340853895442,0.0028341817000516146,-0.0018805738853305476,0.006071065136371791,-0.014130420175783934,0.008411662412468924,0.017870860636286127,-0.003601440266891407,-0.030516046980734225,0.01126805469836646,0.0028172217538422737,-0.011979692250113564,-0.005144265749933141,-0.03603813724003882,-0.014298313120318136,-0.003219158713469521,0.010284447154782588,-0.05304906831771376,0.011582843965681908,0.018768831616520095,0.028667394063058457,0.05304039995065716,-0.021100750721496416,0.007391627377301894,-0.040119617181447874,0.017427453544067405,0.00163075560974765,-0.026052962499534114
204705.json,0.07251941353356639,-0.132818178903494,-0.08165931745791118,0.0371303400074325,0.031194640827658503,0.02464933528922469,0.01672497627132868,0.04994497826324151,-0.07460786693329004,0.13888562634729748,0.08610086934396297,-0.027138435772895337,-0.11372352029681448,0.019816243561272106,-0.025935604938154548,0.279866182070793,-0.44734577602205455,-0.0484886253529077,0.5378301865472763,-0.10740151664324446,-0.40003897638010716,-0.2664559704272221,-0.0288570800002318,-0.09795245113987744,-0.09766237534342465,0.15461539858290294,-0.07275328192810578,-0.026045259680119944,-0.003507207892555794,0.087708993758799
211789.json,0.06328371912748247,-0.10118436779028342,-0.04633089196341636,0.012144287283853965,0.013205401518249097,0.0243589763580465,-0.01738441889254519,-0.02842878758608155,0.0013909734459857726,0.0047606175791814415,-0.030200440388873467,0.018457093791639838,-0.03514471002382953,-0.006223860623750534,-0.00020744706195834653,-0.06628965798866084,-0.04193014512884383,0.0075508739804805445,0.02419797851422228,-0.10843114289547558,0.13216766474080588,0.028125015233497887,0.25112791309423743,-0.02922454368320983,-0.017319839023091442,0.11158251752475899,-0.07734475025783165,-0.3335145541226445,-0.11194921678032255,-0.15653146688406122
216107.json,0.025501505218646813,-0.04464787188516862,-0.020863112795194167,0.00430422823979387,0.00263043867877918,0.004329173850875445,-0.012153946524119346,0.0029277554048321554,0.015940866030452278,0.002319603014081187,-0.027389384039189654,0.007936913099677244,0.0014567503061945766,-0.005013721903695078,0.0012958352957856694,0.00023007283353705947,0.03022928855027568,-0.02028023818139187,-0.0013918725025342253,-0.011212156399320968,-0.016500316691037374,-0.007586185570283972,0.0026429672469973076,-0.014896234054009336,-0.010192163410071352,-0.005819752431372759,-0.0049525716153846835,0.0012088956694571776,0.031288117021778306,-0.02935411419055969
2164.json,0.032632027538645615,-0.076461443001215,-0.04277073884669111,0.0008763154576603429,0.006529229927041473,0.014797647180832622,-0.027956406331821445,0.01326997063743176,0.009845649373285099,0.017225185993988555,-0.011019452016385873,0.02553868191296643,-0.006411113846919014,0.003406078328978394,-0.011026099815927379,-0.02993688306152395,-0.018076601336715067,0.038811610448628124,0.011252548717019676,0.022378638019658247,-0.0018693136796758053,0.011998976954087982,0.016281579391041766,0.02388972877171223,0.01910168980970073,0.03325332084952224,-0.006137526768787015,0.08276422295341017,-0.010686777208586608,-0.04938680469995937
217398.json,0.03458985541351258,-0.05480914627278703,-0.03241267800775955,-9.485247824928222e-05,0.0111077545716821,-0.0005781447225246045,-0.013695650595047874,0.0012398711513377215,0.0029893527112307273,-0.03056169942528885,-0.008153258561235175,-0.0022477036126298273,0.013059061241311178,0.004202571408109423,0.009445313102813446,0.034617761655588046,0.06463523128593664,-0.025468613230856287,-0.013803024906125035,0.028255268250863046,-0.02615288718173251,0.011310344231106873,-0.029855039364705748,-0.0441034049545043,-0.012850669907472915,-0.0456421633472262,-0.03205599155698036,-0.012376556438038375,0.023219584440661863,0.029588012739055265
252096.json,0.027739354625217216,-0.05994877695341525,-0.03065711634725774,-0.0037979258278905558,0.01746934497489673,0.016631545926742125,-0.027195306099824366,0.0038874327189362054,0.00438739405800918,0.0039039111041122335,-0.04606946503510891,0.022996106709589077,-0.0030660054144579924,-0.009811191410012847,0.009648430164850882,-0.028174439518979032,0.031431349685008075,-0.03227912831706651,0.004264795289378148,-0.0419969907731278,-0.03438828739728312,-0.013605631329474517,0.022646738430458106,-0.020510838172248316,0.0006718411912110645,-0.014061838868931894,0.013100770188265547,-0.016538881359974143,-0.004465712643950149,-0.03362125550295312
253369.json,0.054540429998447694,-0.09199282116710125,-0.04995912617737696,0.007201412122324967,0.016270923543817487,0.01262224010145332,-0.02253721354098823,-0.03430359040786525,0.00200978120994629,7.959266144681992e-05,-0.023743529926322258,0.013046969827387204,0.004845088656622663,0.029412753580913945,0.00020510458208581678,0.09204915551427605,0.037975928841559585,-0.013755167738284916,-0.05018103163334468,0.06353490886818704,0.014249209418406017,-0.06452153359259898,-0.10170233300246546,-0.031158523236366156,-0.04206728588827139,-0.020763037593570642,0.029254810581287254,-0.11703361240142666,-0.2427443152744311,0.00497587753939032
264858.json,0.04287912759412666,-0.07596180267866531,-0.03202830216656596,0.012581790229496272,0.0012731518627058856,-0.003628923283883664,-0.01624029786776525,0.013615404700777066,-0.005162893766064712,-0.021879001871489213,-0.014669895895070976,-0.0014956911151372744,0.005421791639698944,-0.0018331598540867091,-0.007963923163272942,0.047191646904341016,0.011206392877982075,0.017484291503245347,-0.00290653786950112,-0.015186993874900046,0.006047523371106247,0.032369312501664936,-0.03141452667537578,-0.021198218662180645,-0.021156650795483754,0.017195677099107007,-0.015081038728076044,0.006644406889256524,0.009990371451101114,-0.027484190966457062
265222.json,0.03443367279628611,-0.06249120055846154,-0.03616935743333314,0.013296401641749533,0.00970596120262962,0.010265942594005841,-0.01262876022140529,0.021536013371261552,-0.015470132506372958,0.03420065599217624,-0.014045585875429869,0.02692497471491201,-0.004629781743471295,0.00834173270096784,0.01325205511957009,-0.031066258021455777,0.004492511363540408,0.01688374939412846,-0.012892371757299322,0.04314620296271104,0.009184520568973053,-0.024313307731233965,-0.028806488261380533,-0.006075336857764787,0.004253791435537693,0.057751799110675364,-0.04937938496797912,0.09738100652476274,0.05531296912386882,-0.03771959512962643
265454.json,0.04195196578120337,-0.06895357816074828,-0.031025559181280905,0.0010276132626475724,0.022255993453093852,0.006486792512005897,-0.01603662832045597,-0.0025218859737081386,0.010891178720133796,-0.036779675950440946,-0.011359022135600508,-0.006354260343458166,0.012710359080581221,-0.020548598252980603,-0.016531502226506588,0.02665711050078535,0.046695832801552276,-0.024334765353843414,0.0061738809490352745,0.008867488519324817,-0.006657939837831669,0.0016282894608356936,-0.025163594747204664,-0.03793093195022912,-0.008372375488594793,-0.028266485698831917,-0.10281354017439721,0.028087643168722257,0.06017423195630732,-0.03360130792610776
265528.json,0.041147222011104864,-0.0781211826680295,-0.027695917151999476,-0.001197318577537064,0.005046959348255079,0.0010745014093938895,-0.014076225679591969,-0.0025048002338309036,0.012322265587385956,-0.006781737202588221,-0.029101683422567595,0.01324992376875967,-0.005628500893845562,0.009583115309182821,-0.0028420574364889334,0.01666664311087525,0.06944337879816218,-0.0036981066804685292,0.0139632659873142,-0.031027547502369444,-0.01717569658093753,0.0013702033724770505,0.015910845486925014,-0.03469760828097367,0.002376219392463075,-0.01800516868590257,-0.007128846754250036,-0.05795268144847076,0.02129630039746802,-0.07843882987155447
284473.json,0.04914528028243392,-0.08119022754697837,-0.03384834223483664,0.012838001011244077,-0.0007445046572025542,-0.011436853590791203,-0.012502156767379187,0.014321079271526788,-0.010314949117888503,0.0010029493914534779,-0.0016472445468102156,-0.008706745405948183,-0.008603212976134565,0.021575324217724085,-0.019487496212903573,0.03497438111734143,-0.035363634826461966,0.04873528687156574,-0.021730400172532013,-0.004681546055189872,0.04930344638534014,0.025375193703141303,-0.0017844584852483116,0.01812199390817705,0.0022859892048668192,0.017896635429192335,-0.03676445360809093,0.004734336745237603,-0.05192522123302821,0.012489868673475405
29582.json,0.03188198179336671,-0.07990387015232282,-0.03729369586519593,0.007071714892845599,0.0005566077097740526,0.022372524916685423,-0.003087859587941409,0.02337302984779289,-0.006562298340573691,0.02232295818252226,-0.027776727664457438,0.026153356102619693,0.0011754916712554768,-0.018113875417467777,0.003912791119233525,-0.055475015498454364,0.009060609278566443,0.027018992123443972,-0.03191803761944226,0.07941964425329552,0.012380925835252316,-0.060650200532083205,-0.00024009845209808114,-0.00368123504222534,0.010343720600750646,0.10126389314740517,0.0018825880705390973,0.06517132577483614,0.05223476853166492,0.01719335515465397
296871.json,0.027976248136691837,-0.0605369713085972,-0.031607007910654066,0.008971609555332029,0.012000984224697562,0.017496130688206903,-0.014070176394765325,-0.003572363131234122,0.01090238903954779,-0.013220970147291762,0.0058897249079317695,-0.007589232140730371,-0.0048144470432282755,0.007966801136063682,-0.00609137253065415,0.08294775256325351,0.0071298664860878005,-0.01932682092993096,-0.0442563096896965,0.0353730727721262,0.032209566626686975,-0.043737918534167516,-0.0020204165474398445,0.004959335178960542,0.007563277182274556,0.017527731763302877,-0.026286425450404396,-0.01129589626741754,-0.05343010657321275,0.01539089736087882
35671.json,0.031011805670081324,-0.06593666254111773,-0.02635408140683384,0.00425194784606763,0.004209401288524919,-0.0015733787865233352,0.003923307063814829,0.013634298213259776,-0.024238748284336455,0.03181041860848292,0.020677147218824136,-0.013873945601455245,-0.009508784423693665,0.00370355787446313,-0.010822626724346472,-0.002340702983553702,-0.01918937944722721,0.014269860086578037,-0.012474915291524242,-0.028526231671898702,0.002893251370810135,0.03830531851903443,-0.02757448812013157,0.00015014292488504404,-0.02153621594674001,0.03391783907766733,-0.04069798239490056,-0.005364054157302381,0.0028396955106629158,-0.012630951955956805
35939.json,0.05395604716645384,-0.09713346455163367,-0.04809918331365302,0.018588610955440163,0.007891144211332229,0.006447079347045854,-0.023691007699431846,-0.019755157797711125,0.01183192142844344,-0.07252417279595802,0.0331503006150729,-0.02864275896818304,-0.010008252166301647,0.029842541150023015,-0.009635830531461824,0.09679476549402904,0.05188832832245593,-0.03025855399089246,-0.07135091906333713,0.04470926226273225,0.009590960458995062,-0.00036411862417700763,-0.07693936191971279,-0.024517618106782997,-0.032954692439393585,-0.0018714720416805146,-0.0230216538070289,-0.034831516480525834,-0.04989020390806078,-0.010763655349155523
383367.json,0.038196924746000886,-0.07278942269462486,-0.032825797978726194,0.01045688071817192,0.005218201348417664,0.031027927987852495,-0.004528576403550061,0.002056330753061228,-0.0005458753543887647,0.007380002172120692,-0.036531400081144146,0.031034010757027015,0.0015209255777639346,0.002253027781816445,0.020798272670559937,-0.037475793514034426,0.02026304035734816,0.016060036979528777,-0.06149525322765714,0.03193612611375342,0.040238665651046446,-0.06972164995434593,-0.011872041306681572,0.019893998483262575,-0.005987211498213906,0.1300035089755189,0.03855797008235092,-0.012091862963636176,0.05375513840410889,0.056407351264227586
385323.json,0.042901757636139175,-0.09062923132417612,-0.057238836124118286,0.006612431426290911,-0.005828886737992744,0.02273735480552516,-0.003367309234719177,0.013694387436666693,-0.01815394850292543,0.08995879692856712,0.014004224812363594,0.039263196236185044,-0.04541703874086135,0.057617037012051314,-0.020216280225013504,-0.19923235263455386,-0.08158882690934625,0.08671206683074359,0.25022806523624014,0.06351000195535908,0.6139813039220635,-0.49339542578362916,-0.20018365692592513,-0.03606853341919941,0.04172378003071911,-0.35321611512877354,0.1025091672225781,-0.0162858992103966,0.13317964283622963,0.06495284872645424
4170.json,0.044965687458727414,-0.10884645869628097,-0.05374053266116529,0.008644330189486552,0.0030299949247789807,0.022922055873990738,-0.03106124255252578,0.03368032564333736,0.008872613713496584,0.020884639573822257,-0.03892223033863935,0.034892822647406375,-0.009828686704530831,0.01588037980806903,-0.009895332216853342,-0.014601934038889442,-0.009403631517685656,0.09042469225281428,0.0052768744303426885,0.17310908187495697,0.003077790969630183,-0.015908046194852137,-0.05479928968086037,0.022611329756160856,0.02426188239389853,0.08921365501467615,-0.06172154668779628,0.23773485743679013,0.014911728768119447,-0.10583595383748154
51508.json,0.03677596712446417,-0.0717902136111227,-0.04001285640548238,0.008171307871472413,0.010474305720405511,0.011514455890441385,-0.025119633071364247,0.0019860022977962913,0.006594441123059303,-0.007642868316996747,-0.023438638366401046,0.02222259553668816,-0.009978505847109211,0.0038114330864630966,-0.007616359429234317,-0.03557343954290527,-0.009292039912759542,0.0025159879320249706,-0.0010370170689324037,-0.0006763703516317638,0.037716313144632835,-0.020802069052524234,-0.021769081303565144,0.0034154754686524474,-0.019381241291926064,0.018571737211049894,-0.07364005886517441,0.00972731551975047,-0.004420825262531649,-0.04122854367151027
51586.json,0.02913968319716432,-0.06108668129205653,-0.02400648378484258,0.007876967651510318,-0.0011267384146689313,0.0033089015550318832,-0.006325639130617042,0.010780281743112746,0.014569470189206702,-0.012753288652661789,-0.0119508021786702,0.02024972240318952,-0.006764878867423802,-0.012619831216997083,0.0034496783909327626,-0.02127783099974028,-0.017500064545223334,0.027669855221300006,-0.004841711888289057,-0.031015214017601756,0.03902449434698913,0.02307327982059027,-0.007780155833739771,0.00036145399001066516,0.00705897378456689,4.3508422426427535e-05,-0.006112471024294253,0.008379299628145159,-0.025360247110458086,-0.03336061066568393
51968.json,0.04502430230630735,-0.0752524246386389,-0.04123286593166457,0.015592463553747845,0.011937903383792688,-0.006570022628425993,-0.02819579581405453,-0.006215907811489747,-0.007046511604440155,-0.019118670277594223,0.014102169092962599,-0.006456905280555409,0.0071451152226606985,0.02322885344901607,-0.017816037731069982,0.05648919045791,0.022202700788416154,-0.006569023150690736,-0.006252156826541714,0.008147642273890464,-0.023637108170128204,0.00422724032570765,-0.02306495561183771,0.011768135287505286,0.005899282882432422,-0.02857018209383972,-0.036103326052362064,0.03765083954272984,0.025034959489927913,-0.02477335597777078
54862.json,0.04632108636873984,-0.08630405834036022,-0.03653186325315406,0.007334642112590398,0.008491858481692286,0.0036390415060439368,0.004453190050335757,0.00034886385064722024,-0.026581653742980927,0.03155936424782089,0.01949741772746829,-0.0006629787309928741,-0.004951988701961624,0.020597555890021057,-0.013557327295856217,0.015288917898349443,0.04098101985566673,-0.009863838754394219,-0.05465614942130527,0.03677046492532058,0.0010489815928556726,-0.015365925078324573,-0.0008056515347290935,-0.004459789211321905,0.029676246505190768,-0.012835211720982797,-0.059085698910261365,-0.03242509529469786,-0.0709971401926119,-0.023573980124002712
55246.json,0.07831576781028929,-0.1422125321916422,-0.06476329494578212,0.019532373949766254,0.03643522521044332,0.019858383344362546,-0.017082888196565546,-0.00853816603601049,-0.0049130369844941,0.03293008819067521,-0.12144934868854022,0.06307564296522362,0.0013428372486292202,-0.006009365955244122,0.05913168064891023,-0.10397139773393269,0.12315776292257487,-0.12042134406514164,-0.03457017672664689,-0.0605296942506359,-0.11703948474302511,-0.07984853430857262,-0.17304786195500135,0.060035554770026346,-0.040166945635181334,0.23423660515383424,0.5334064681207403,-0.16350679352997963,0.18385246990423953,-0.14002962773129196
5945.json,0.048375159547486134,-0.09983550635616946,-0.0618125934578289,0.014088714360295613,-0.003039456965060395,0.004697480977370546,-0.022553650753257957,0.018395842633889794,-0.015371005357646917,0.02167885789244108,-0.032609807280933135,0.027102231215350905,0.0013971627434040815,0.0300759407711205,-0.010123294084058234,-0.06399971874709529,-0.06951775927632647,0.10135897298115697,0.10238351750569326,0.11345670830303362,-0.05084662481498291,-0.07666697631158294,-0.03755346261541828,0.018266452287359052,0.07413364960310662,0.069881227330857,-0.010761832883936543,0.35821175003243677,-0.04609678384220808,-0.11439267433190896
61640.json,0.04117023836685447,-0.06732863839983529,-0.0508772355876234,-0.0037690644967288303,0.01401559970856078,0.022294085965607054,-0.011341952072116142,0.007573285545648817,-0.01195841981134547,0.041233721730598374,-0.044660886404774426,0.012288829078749624,0.0006521805962646703,0.010111225362822225,0.008810738760165795,-0.07042138394409393,0.01943796565600731,0.015295017449457398,-0.06000456400016486,0.04324731396871151,-0.006420499900488662,-0.03954835070239745,0.012850800179851093,0.021755879172200832,0.030298093121020612,0.11648533402418462,-0.016001787276615293,0.10006372286185831,0.013086921259511539,-0.022108108099255005
61646.json,0.05184267904689712,-0.0773742878978178,-0.051999269618812585,-0.009311402123429638,0.011717978100262486,0.012364740385133311,-0.022375175641451375,0.00037576178049211745,-0.0026938865997246054,0.013909351585588507,-0.061158335758460906,0.036936983067678904,0.009999718760416318,0.0018365043252340943,0.021079963779357527,-0.06209303938026696,0.00809906227142653,0.0032842789863302803,-0.03578982362225853,-0.010199180106410709,-0.021536841087818104,-0.00342154655087103,0.037101665909267306,0.010246179469346434,0.043471353864102946,0.04217770351449555,-0.05090527004577024,0.0645180754830493,-0.004770154765573507,-0.019802843914920903
63441.json,0.03657455875747756,-0.08383067195343592,-0.0525155541854864,0.005934355021059311,0.013431967835034801,0.015272159226706196,-0.030099047835296638,0.00025415187812651013,0.014404628297660378,-0.012995754792402689,-0.04130882207322398,0.022126101723119632,0.0011835903587750984,-0.007247154794352235,-0.004554230012890967,0.020130904068084966,0.0866237499206698,-0.062173717588350275,-0.037819646872917785,-4.337610703098767e-05,-0.050127751317435486,-0.020600481343356788,-0.06635851464660374,-0.036909459347655674,-0.00671497405053067,-0.03628055985774596,-0.006218735958490231,-0.029664098975729088,0.018521147088448035,0.012831583136839181
64135.json,0.05221022601849113,-0.07372569724774122,-0.03966988319662586,-0.004349040903742002,0.006229156489867315,-0.0003379254867825437,0.02207730891855679,0.01984972976587765,-0.06716547843954776,0.09882076548400334,0.038426903614869494,-0.06267345523513278,-0.036526406352197824,0.03199326460045628,0.0005591185615922395,0.0052271014364443594,0.07654526813445064,-0.034296719460544585,-0.07032144553448065,0.017904255170673167,-0.006170268569482159,0.026785491613010734,-0.015760135910254918,-0.02074509262239249,0.021703636464570675,-0.044523958425330024,-0.027577675271635828,-0.03488585477029804,-0.00046292901515783836,-0.002147235923033139
64847.json,0.09506202159956738,-0.12679401258730405,-0.07508306218067216,-0.002265232082079648,0.03303750014983247,0.014562219714926807,-0.0296117906333664,0.020037357001686268,0.017891804395085184,-0.01699176752566924,-0.08186920609711097,0.16647274000437642,0.08110548337832113,-0.11227271277124304,0.045285524719204245,-0.20785559296846748,0.06497040365984706,-0.17503261247591542,0.06569942912519375,-0.31937411557788026,-0.15915968460710464,0.09831375025390467,0.2870095784508446,0.11891747615262081,0.1624197041560064,-0.36672918592150416,0.09399433880292057,0.2002440112271962,-0.0031082331089977507,0.35939585337668445
66545.json,0.03576790684670519,-0.07032660874933937,-0.03652917922282753,0.009859559982466884,0.012955248880539753,0.014079994302036058,-0.02763869815280302,0.011094968085622015,0.005376815069914571,0.009574784066468304,-0.06042109539307168,0.03984069492717684,0.006051392188643083,-0.017380265435823716,0.019735322260573278,-0.058231509986419426,0.023218534210986654,-0.03190613291674201,0.007511101136815168,-0.04770205439641567,-0.062049759344238654,-0.008919740789133783,-0.006928196911517838,0.009744235169982407,0.013998197159778337,0.004444284882917472,0.06418767635395312,0.018728371032147573,0.00043490154169724166,-0.006051745691141047
66568.json,0.03157988721184547,-0.06868255712852686,-0.03576406860712258,0.014167700144070428,0.007108771242046568,0.01179242166604385,-0.021811720723568663,0.005455341199287468,0.010381574970142892,0.011155710707497117,-0.05531893389101682,0.028354544950652354,0.009650034523050903,-0.007262191815529389,0.012040213621324469,-0.0472873094989894,0.01729163756155782,-0.01686716257173015,-0.021583038724344146,-0.025475343401208606,-0.019963164555431383,-0.0044175806234376,-0.013562398721932932,0.009656532019757316,0.01262726687704883,0.028013087581685504,0.028287138846901025,0.02754616753780167,0.011549312921947181,-0.0003061038031346014
67625.json,0.05209688469264924,-0.0716449274872649,-0.02470616847151805,0.004479533391093409,-0.004651438261810067,0.011570259432823925,0.012736722912981172,-0.020455637802803895,0.004507221826503074,-0.03542696168851058,0.023540224959067484,-0.01885219264356208,-0.009789852620878484,0.022745018876987155,0.023532773836330793,0.13184634180425153,0.030301473567654252,0.0036909421565595123,-0.08051937083281832,0.02865982586637161,0.014844024418686182,-0.03854835976852907,-0.014474954804370176,-0.08082474317474975,-0.07144489283927001,-0.05359089607100519,-0.1253080346902169,-0.059909151889990686,-0.07718151780723577,0.04820619032368852
6874.json,0.037902566141477946,-0.09576451928080416,-0.044271346244174545,0.018547230893435105,-0.002106212231322783,0.0211823082317056,-0.02859396977108045,-0.006616638837846279,0.01764198272041233,-0.01736785221136253,-0.009303026448524524,0.02397516976744438,-0.015077268328908659,0.0026478548027298473,-0.02495025717082047,0.013194757878908702,-0.07744477618765117,0.064680972158422,0.03222740620783857,-0.031102753982112902,0.12640900529220908,0.05704477458137697,0.05865676295114045,-0.025644191309542198,-0.06598148218752015,0.029822165117445513,-0.050723190488238944,-0.05424488445612218,-0.05192924014048417,-0.08732627874006556
69568.json,0.12970642417938005,-0.1881764948221955,-0.0585590773042736,0.0495448198561213,0.09484646838170135,-0.02106638230966836,0.029044228424009562,-0.12100649838520092,0.20008703842606976,-0.5274956535848349,0.6313340468356249,-0.2789601249619103,0.08155623407401842,0.07173122120839592,0.10413382403918939,-0.2258887401419044,-0.05008942639011342,-0.048381933710406944,0.02897845332543567,0.01021130845118248,-0.029621797284238513,-0.06028670191762895,0.05867953819164947,0.030677560587611594,0.019620530598962745,0.06539269526150789,0.09058967051780113,0.03159300015438118,-0.013973947715321561,0.03923893826208194
78078.json,0.030319316773991595,-0.06804134358986755,-0.03588601393379552,0.010645041194076206,0.008054832205629697,0.009169974150393813,-0.0010805232804094813,0.01651867702083683,-0.029701466348826085,0.05127842087656236,0.03021728612609405,-0.01684835190298278,-0.023694688881595528,0.016020303412022666,-0.009744083723033026,-0.015849422177074062,0.002609721679129302,0.010039552889713876,-0.036660555512334256,0.00975422117349789,0.02759341263238594,0.04721441489475912,-0.006260939576561818,0.0072278465432404045,-0.018226047379053197,-0.009270814249372856,-0.049078840327608585,0.015079297635073161,-0.0186278810521929,-0.013808115401294355
78383.json,0.044534646520325766,-0.09203905829390722,-0.04765438785619784,0.023560560775436612,0.011811318219423344,0.03316175265632733,-0.027454137657430235,-0.002546984607138156,0.014657139783497256,-0.0023281941510778364,-0.06958908750273798,0.026268339724138966,0.011558738047111708,-0.003340911919281406,0.020772006667856474,-0.015377581200337796,0.07311504939196556,-0.0628539622297442,-0.06187842186139589,-0.016149617520142247,-0.04035902266033387,-0.06565445132667552,-0.08726687857717343,-0.011577683735141857,-0.03485592520040195,0.07182351375509663,0.10844129556653104,-0.04040927615918744,0.029310207105021344,0.022069089571156976
79591.json,0.052598233270743894,-0.10448487354437119,-0.06936060102546937,0.0022533528877882723,0.015256593837375257,0.02484186402090318,-0.005936715764632836,-0.0010764966991135055,0.00860439506809446,0.013712313578205468,-0.10236479087295876,0.03480576630054823,0.025277741482994654,-0.0035294261885835945,0.056431517271501565,-0.06090925504770721,0.018824091460678746,-0.07335721519259404,-0.013895379485999735,-0.03240193327264168,-0.06077764118510138,-0.05748557375407739,-0.09334415608792214,-0.0003074435088773626,0.01704270203283023,0.2339534006598525,0.21341470823858139,0.00430375027040798,0.16764860891283448,0.10195548734747686
84725.json,0.037134613908366025,-0.0839720258879295,-0.03775930992415328,0.012063428151536104,0.0038514711640924688,0.02330628263760835,-0.01994571991122368,0.007429547868269472,0.007770084429084245,0.003933456131956919,-0.04875467317440419,0.049817884337123045,0.011379216356693554,-0.017037003797999405,0.0015347463128011613,-0.08325028526341453,0.022969496507462224,-0.06816119815264034,0.02653855720257617,-0.1543864588537548,0.009072196088759664,0.007683572213282619,0.1082745952146767,-0.00518781737215628,0.01987318598247316,-0.04282318942955865,-0.008934346836872659,-0.08098265103326713,-0.12907877626068281,0.05041357817777846
87441.json,0.03461269439827238,-0.07935798388455052,-0.03958239306812476,0.01402678249251658,0.01207572297798313,0.02023128807423963,-0.016427570873442782,0.006025052810445995,0.00439456195751948,-0.0004950567413380955,-0.05573341143786043,0.03675829451080653,0.007744397447779828,-0.006386063627167667,0.009250098936987975,-0.02622263095897937,0.03779328794613047,-0.028415066556418424,-0.0484873655725897,-0.007887281711228373,-0.024119801750016084,-0.03221606056153162,-0.029128447466145735,0.017732585567995472,-0.0017025666387327765,0.031096247724330412,0.07221318216334931,0.02260901607845656,0.0146081529105273,0.005799662826614922
934.json,0.02954367636606113,-0.06626067740415745,-0.03803132442963448,0.012878887949575325,-0.0019274088717853464,0.017428828825342777,-0.023891564154545724,0.0163531961449001,-0.007332216908303733,0.03263888330204455,-0.03189776583673467,0.021450283405990568,-0.0026227236956941936,0.0041224578853375,-0.0067145606827172044,-0.04866657456233428,0.007766552311127943,0.01002488031381437,0.006367364076331156,0.0366904744393164,-0.026275952026751995,-0.0168361742511005,-0.035301634632589014,0.021301162230093103,0.0007878235564515265,0.04642446282500307,0.028098935229985064,0.06659728316081585,0.010156492033101911,-0.04015488023699845
95794.json,0.03797039032556789,-0.0835223310755704,-0.042326623530765876,0.013029529458014803,0.012488494197445202,0.013194382690245109,-0.014798882271391936,-0.00705845447745899,-0.0025897751602479593,-0.005644072057739332,-0.02097866263480995,0.01601535510657874,0.01242811395704978,0.016108601933327152,-0.00942811575897217,0.039942205609150995,0.06522593037804814,-0.043586580768307036,-0.07696462671753863,0.04556351038176284,-0.026575866440560453,-0.03573674731432718,-0.10003954773208586,-0.03887374192748413,-0.02530390558219549,-0.039187362597315326,-0.07947565492517208,-0.018510216109399194,-0.06378371940965549,0.01682785293910415
97680.json,0.07160976812780134,-0.1165010203812447,-0.0742777832816671,-0.010296236504186457,0.019057391840498795,0.004813827659702282,-0.0061045347342332,-0.02710056925129647,0.026209587763524334,-0.018340182826606457,-0.04209410432390594,-0.0015139248842371935,0.013628179156280324,-0.017867299026810453,0.002974940441329816,0.02487198991670594,0.11457281152036318,-0.09718700944084277,-0.052205331860801424,0.0424284937839503,-0.13887166725479258,0.00018001717666316352,-0.1364632841139552,-0.06283967584759123,0.039687382788001185,-0.09223359194605271,-0.023646176257832045,-0.02787021593622902,0.012501126350747956,0.11133879031725752
98206.json,0.0616404657489786,-0.1200158387778623,-0.05990864349089703,0.006656530670145029,0.006588945253641889,0.02072168294609458,-0.04150710798289711,0.0042496444766209045,0.0141592657611171,0.0016460216030115657,-0.050855999392771856,0.04488527897369377,-0.008793940008569406,-0.0044183423811552085,-0.013144434795214892,-0.05471361685266753,-0.0842435348159137,0.010167103347142823,0.0597234708711226,-0.17866601755613037,0.12192213290223435,-0.019070373888157473,0.2305220928319204,0.026619331381614732,0.02573405255024905,0.045595431370495536,-0.13361058912586732,-0.12428675751761979,-0.23259470031119017,-0.18418581228991387
98299.json,0.047450524457825834,-0.10056873268087382,-0.042211607811199675,0.013293792545608418,-0.012274979328741874,0.028617517143869023,-0.027097168018443397,0.01462001199427584,0.014221275551848267,-0.022761056489911852,0.0015307134441375544,0.02358020252818209,0.0019294334639334096,-0.00691427129885319,-0.02474379959596565,0.03826703798268396,-0.03947231359785387,0.07041413314831996,-0.019557011318133727,-0.0072295997724547536,0.07853435546381207,0.1869572274857506,-0.03548919094226018,-0.03324282826953262,-0.08761046372385503,-0.04347914368226527,-0.026576472780820794,0.0564810596322004,0.0267071720690597,-0.04413624911558896
98373.json,0.046004935565438235,-0.08523033387740477,-0.03052710063821505,0.01607226856722161,0.008204109588886939,0.014227919410847115,-0.025263378444114713,0.0014227275675542193,0.0020774917437249084,0.00999764366546553,-0.02487296902218074,0.0169614241947829,0.003791748363542947,0.008300620146676591,-0.018018598196161695,0.01730041818775921,-0.006506132806175451,-0.004019632902166303,-0.02466307549063978,-0.014467907287468438,0.0626899561009496,0.003689218599534985,0.07793087567513483,0.02285869556184775,-0.033810502780128905,0.08033925943571117,-0.05102694798814719,-0.08799132591918413,-0.02901051123426203,0.030307895542893967
Arrosage.pdf,0.16710334010770264,-0.0033597594990258657,0.08873960348352002,-0.0326290384432911,-0.004305066170817597,-0.030707951315248012,0.10440033649744498,-0.0019829654751554377,-0.024607995127626334,-0.028893820322799496,-0.03367392780922613,0.021117949863600535,-0.07183360460021239,-0.002719969832722374,0.23379350144489297,-0.008957012016434512,0.06169018508313955,0.0806355782054426,-0.09342374642907969,0.02193886532551832,-0.000626836877936287,-0.129204311251535,0.4379685460552297,-0.48224957898374676,-0.15402430621328614,0.009061783454207455,0.08128324609014546,0.15314119775039933,0.184226651698069,-0.3770650257365281
Croissance et DÃ©veloppement.pdf,0.14416970648577512,-0.02477539807107294,0.160238461417858,-0.052808847312156314,-0.042752643178848256,-0.09530782319438579,0.1559980261918843,0.10917831616227604,0.005418371555077637,-0.10984451083745524,0.0028794809949300483,0.053983019827106876,-0.09174289859165691,-0.009902931285660978,0.01230566764355573,0.005127590143663606,0.07991442561151227,0.6181174034854299,-0.04300337186149638,-0.3049473821371585,-0.1684279190265597,-0.06379254754231035,-0.18741242872604802,-0.10834143999363127,0.47655732547116414,0.02011281095580538,-0.01427810680053519,-0.161082080180941,0.05869136443870494,0.04249076544018368
Cycle de Vie.pdf,0.07681453439814255,-0.029415976739507868,0.022129089400159258,-0.03538382444315194,-0.0023827165166216747,-0.028972560273903356,0.07428226018125614,-0.014449022238659239,0.04512471897222234,-0.019235604058636217,-0.003588219920165868,-0.0008911284025772717,0.02398002969482,-0.022891936650614734,0.013646315501872794,0.016602939160072196,0.08940055621905953,0.15409651163249455,0.05099468453703636,-0.08443536167415389,-0.0074163861153026195,0.009903336740964247,-0.046039861773644795,0.06942165909060269,0.06618572432436054,-0.03200037151936684,-0.08161685431107675,-0.023907348276438273,-0.021889460298652547,-0.09766991695333975
L'HumiditÃ© Ambiante.pdf,0.16320326260833368,0.03871631956568954,0.05251812895571329,0.011379695296625416,0.05031935559614083,0.008702143992453115,0.07242980904855266,-0.0626649061524257,-0.10404353710203751,0.03388661548186831,-0.06529374992369784,0.07063298724409131,0.09819968155540157,-0.03473877046308677,0.7103203294257378,0.06062228812690865,-0.2740822731593337,-0.25590243915845223,-0.005540393527531298,0.16923816612643802,0.12100358800659029,0.1563682605312973,-0.1275112492907036,-0.07122718981948578,0.3839536061560627,0.022862579602507628,-0.11377942526757183,-0.06746535019861481,0.000180648935297173,0.04307724629102663
La TempÃ©rature et le Climat.pdf,0.29515874574391826,-0.03120927491233595,0.5992332397139017,0.13135425146223706,0.6384378570506828,-0.07816109813674166,-0.1640642169689154,0.07091340004379416,0.10191376517722668,0.08669950428048424,-0.0036778784889609094,0.04866348528320826,-0.05149684105296469,0.04208565725266696,-0.18195544310455655,0.009782684648862243,0.0019070179949842105,-0.10399145533605875,0.03571463073707809,0.05899992561639152,0.036155962057226876,0.040193686763793354,-0.023138131298479154,0.0812269828207465,0.01345940057313741,0.0034697673066258652,-0.016455330388004608,0.00904934518777042,0.017187893869796092,-0.03496486193180693
Le Drainage et l'AÃ©ration du Sol.pdf,0.3345840543888348,0.41848802282727016,-0.2857810736853278,0.33494952307877107,0.15464937284367247,0.4998972285179895,0.21145483899152023,0.3751999633048831,-0.034821316605401276,-0.13157439832279055,-0.09613824905386285,-0.12582945828693237,0.05386724629326316,0.06619408926704583,-0.0637491755560831,-0.0046972296424931444,0.0403330610410093,0.013969286716832572,0.019127745732974696,-0.01107887263484727,0.006650173643014582,0.009332465597984377,0.0010323296105702246,0.00962036025120699,-0.010062249844951479,-0.01932785386677758,-0.001730608840154769,-0.0036883347361773597,-0.012726525877901027,-0.006667304413577879
Le Rempotage et le SurfaÃ§age des Plantes.pdf,0.2955355215587569,0.2954293782641119,-0.23832192439276387,-0.280544460105963,-0.032302051172372094,-0.1488376637387245,-0.1618987081167982,0.12767958956874004,0.3941438414925754,0.3052445587964115,0.35734334357039593,0.43178804222846123,0.11431072933735145,0.1515025356566766,0.016822144156071698,0.010853784625440737,-0.035440050079450336,0.010722488715672952,-0.10848215459344025,-0.0124024758877287,-0.0333076140305052,-0.018631571685114066,-0.02683653327179042,-0.009943080337031058,-0.06398205051504378,0.023737813612654476,-0.011564016278497683,-0.03209159831129987,0.0082125347596148,-0.0031909606306287177
LuminositÃ© .pdf,0.22601243515440886,-0.07539226807476741,0.41762046386701335,-0.23442844980176775,-0.47605476797589963,0.5481309701767413,-0.2951893333881774,0.08007783554050087,0.08163969811919801,0.07669486053176412,0.08492361414216039,-0.15016462657008028,0.03771271201968705,-0.19784955718376104,0.003962389514622853,-0.021468410402028803,-0.025093598526052092,-0.031743786506567694,0.0014557529494562823,0.004728568593669263,-0.014861001289068783,-0.008345431972263622,-0.030765076879575425,0.051431347032550936,-0.010321393474378956,-0.0003097562892504048,0.013225455120407138,-0.005405767754290257,-0.015449020122345513,-0.017955896621169035
Maladies Fongiques.pdf,0.12655587344334995,-0.025584567778113937,0.05592465050710929,-0.06744045130309673,0.04772775196796646,-0.034333902564218505,0.30365345194142357,-0.05960113352022234,-0.13750336073848415,-0.0501433694493417,0.03436224626072778,0.14591854023068435,0.14267908244458752,-0.2695109007658232,0.24965962102815628,-0.00546947946261206,-0.03346383145837713,0.16627701133958334,0.01069214467672636,-0.11307381107350006,-0.028363167491708682,-0.023160073911049153,-0.14048583014148316,0.5496215111884986,-0.4464540381713026,-0.0805116058084206,-0.09014416257695322,-0.0323542043015166,0.04479704609088821,-0.19390080459730794
Nutrition VÃ©gÃ©tale et les Engrais.pdf,0.250409427992911,0.012717037381042656,0.07657938234047708,0.0197295681206601,-0.33585091179996956,-0.5468831752504488,0.0143208692004478,0.5551851961930983,-0.007936322087969565,-0.20305478655715975,-0.13106446520638182,-0.14955805282524123,-0.19572800911045035,-0.10040556957865344,-0.017874510298258463,-0.01015071537115883,-0.02311725595205717,-0.21993791432444082,0.011332161565571984,0.06727951867380501,0.04565106547962428,-0.02135889512317471,0.0041648107252223385,0.06663102584925086,-0.08103872917007489,-0.008525337572146116,-0.0009330196562723523,-0.03144355061307094,-0.001053026643256466,0.04099345427395933
Origine GÃ©ographique et Biomes.pdf,0.08018638319699271,-0.03322063299683389,0.044598774349119456,0.0005687309243825803,0.019180521976717574,0.0018608196548858843,0.0646604443179678,-0.047755969969085516,-0.0032286165942076533,-0.002582168599743368,-0.03034660596037891,0.014979011734383154,-0.019428799754716855,0.012833824974834044,0.08649943283225144,0.057996722591151524,0.05492000219812038,0.06989338271732694,-0.09073670151953028,-0.016557889701151858,-0.004579754135557569,-0.04949807634000826,0.009485501030885439,-0.09061789020615234,-0.07440829889186772,-0.03831741048149238,-0.05184751617350955,-0.031593334419741,-0.013580968293898966,-0.015579435210702562
Parasites Courants.pdf,0.08357366240293945,-0.053628701265226314,0.03167155351438986,-0.05084751096678588,-0.018078474830918605,-0.011754919116061793,0.3782754447364784,-0.026207056696460146,-0.15611160691517384,-0.02106436428652686,0.15066324100208695,0.2550764007339226,0.3246830577213118,-0.5159899438711193,-0.4245880311481768,0.010480512145862243,-0.1034295257630092,-0.1742429856150675,-0.04841926306365695,0.14970960006714257,0.047958080337423846,-0.030175443657102292,0.021897233795373186,-0.24482804812351633,0.15870879443295408,0.059418018348974116,0.027203569835355813,-0.03111251167069774,0.013653861627498109,-0.003224854156983848
Plantation.pdf,0.3244865563716111,0.2452001673330589,-0.21048401332550146,-0.5272140351265308,0.19197788359970733,-0.08084790891153565,-0.28996643701696634,-0.255928222677259,-0.43685992938829266,-0.18544566828857365,-0.12822862898213425,-0.19816216149067611,-0.08153113467386501,-0.07775961737142699,-0.1222114791173638,-0.029431922668772873,-0.04020845671808238,0.03325965079865939,0.011776891793612373,0.0012923139054174233,0.009760768406302705,-0.008652550165957857,-0.0029378918583524787,0.005870707534046268,0.022810952342002054,0.01170693734832854,0.03052849709872145,0.005086497677352561,-0.012369553009925701,0.02276193729175458
Propagation et Reproduction VÃ©gÃ©tale.pdf,0.19438927526956024,0.016887769333267764,-0.018042484688471278,-0.14290300502250622,-0.049082795069533836,-0.0740470485511927,0.38983466680632517,-0.3075314838774378,0.4954365626158025,0.18191208580850945,-0.3247041424050791,-0.41720988371895723,0.046961483155957634,0.08439399149103023,-0.1465786751861443,-0.1147265238942554,-0.22122581640857908,-0.06856783663872312,-0.08617621621586409,0.014293104338004832,-0.04845709676279713,-0.0045179275315513035,-0.03094365025076361,0.04767155810281995,0.03901838299413547,-0.049487738159184246,-0.014886124547689153,-0.009311702042399133,-0.005101685742661612,-0.033225567005542314
Stress Hydrique _ Thermique _ Lumineux.pdf,0.12447277847011065,-0.026062686258163756,0.17482447915209476,-0.05986633136413096,0.029483728894714553,0.045426903358712564,0.18887006697877168,-0.056632508327275406,-0.05497491781016908,0.01534440705835161,-0.07312069488646618,0.08934928199702014,-0.08085553026486174,0.06342450778892171,0.15489410703156334,-0.014654941689780007,-0.006099042176549003,0.16510953761954356,-0.1511140010001748,0.033185337995955334,-0.0488156421151433,-0.15607134365435463,0.09651549263300101,-0.21551645203178837,-0.38475633522666086,-0.041403174004309325,0.1251092851589347,0.1297567475445003,-0.24058248434877852,0.49883833038802905
Taille et Ãlagage VÃ©gÃ©tal.pdf,0.1244320578127419,-0.009303459566188256,-0.018044924631003174,-0.12405922051613899,-0.016236607970819526,-0.05760950088713043,0.15188481644005383,-0.06082265876881906,0.11911607100251975,0.1095881779041491,0.01528937358259973,-0.10135332749073517,0.10475681596807253,-0.06034892440506444,0.09631471911120766,0.2507750415254107,0.5682123575382075,0.03862552790080021,0.5647403762281209,0.08935377794625274,0.18366261223304156,0.16590589637624428,0.11259396210552076,0.02270374419827849,0.04556636884230694,0.16042519318139384,0.08467925831299657,0.09747662724315721,-0.08692954592534097,0.08777207067339145
Technologies Horticoles Modernes.pdf,0.13719030787893077,-0.017973680112383403,0.1638274727963715,-0.10725993392986963,-0.23932387585121392,0.11652248623652665,0.3063988814531868,-0.17630568203505317,-0.17989716066467684,-0.23558528891843278,-0.0010619257813069478,0.38433527115787186,-0.24009509070057444,0.5607528524907972,-0.1858954792157956,-0.019928229526391342,0.027520436774617355,-0.22258502641081396,0.10761175874659967,0.03428970815841011,0.00985104568670656,0.11982734247935097,-0.028825657611565785,0.10275590919543456,0.05502409864736859,0.01640493296403744,-0.029185566437017373,0.00985740004982958,0.037543306990435364,-0.06663404617859794
ToxicitÃ© VÃ©gÃ©tale.pdf,0.09385605594805656,-0.14106628318253592,-0.043998574398183526,0.008821548750500167,0.011140695367695389,-0.02704846715894071,0.21477387853184057,0.09329196382120687,-0.3855669068742143,0.5558564858439414,0.3932853005447226,-0.30788523540361473,-0.19062583121794482,0.10257235411279715,-0.011573437493717666,-0.10957982122957127,0.09119745418344072,-0.08139917095398885,-0.14670269753919987,-0.11563939206579196,-0.014527969363336618,0.13558112012970686,-0.017831817789462003,0.018421420081782873,0.04299217083925069,-0.09175747050103862,0.04647182641943197,0.018570097747145006,-0.0006278100547717528,-0.04895139069025754
Types de Sol.pdf,0.2717491781792976,0.20321092414982003,-0.04618948468019239,0.5345384264726373,-0.22395676860303734,-0.10290579945801495,-0.15062431772024568,-0.48581747359203625,0.03442688382496658,0.07080969284011211,0.08157279170838867,0.0996389004121176,-0.3928840547990215,-0.2973699042999233,-0.031119273035522817,-0.019333564476350727,0.05354577199929042,0.029239163685543117,0.010896298139010266,0.012908115076405333,-1.963099489523203e-05,0.02134553147411042,-0.027042193454533667,0.021157684923384275,0.004160915000100271,0.019021186956268334,-0.0019610830685723958,0.01976767554382484,0.011641651990182265,0.03691783085630838
pH du Sol .pdf,0.19877227927674423,0.034677655517932886,0.11076130713764742,0.3081307838515201,-0.23027296745487602,-0.21689839493478527,-0.17844928186966408,-0.13777621987448357,-0.2542693418784041,0.0705676347544591,-0.055926773638724364,-0.0961435913568019,0.6897937405120039,0.33008356376192727,-0.059231575350621735,0.01949481414606205,-0.005810884183059391,0.08489700122870661,0.001802448431876845,-0.06468498700289356,-0.04626327418836763,-0.08041100325808521,0.036534822945284456,-0.00201980545449584,-0.025650956108011137,-0.012424623611887911,0.010360299795248641,0.018423668848464872,-0.01506236546204384,-0.008724648373153787
